<rss xmlns:dc="http://purl.org/dc/elements/1.1/" version="2.0" xml:base="https://urbanage-v1.lsecities.net/kop/video/">
<channel>
<title>lsecities.net</title>
<link>https://urbanage-v1.lsecities.net/kop/video/</link>
<description/>

<item><title>	watch gcbyv gfdg sfsd livesfsdgfd stream</title><link>	https://urbanage-v1.lsecities.net/kop/video/video-ronde-van-de-alpen-live-free-tv-111000006381.html	</link><description>&lt;div class=&quot;field field-name-field-date field-type-datetime field-label-above;/div&gt;</description><dc:creator>royal</dc:creator><guid isPermaLink="false">13584 at	https://urbanage-v1.lsecities.net/kop/video/video-ronde-van-de-alpen-live-free-tv-111000006381.html	</guid></item>
<item><title>	watch gcbyv gfdg sfsd livesfsdgfd stream</title><link>	https://urbanage-v1.lsecities.net/kop/video/video-ronde-van-de-alpen-live-free-tv-111000006382.html	</link><description>&lt;div class=&quot;field field-name-field-date field-type-datetime field-label-above;/div&gt;</description><dc:creator>royal</dc:creator><guid isPermaLink="false">13584 at	https://urbanage-v1.lsecities.net/kop/video/video-ronde-van-de-alpen-live-free-tv-111000006382.html	</guid></item>
<item><title>	watch gcbyv gfdg sfsd livesfsdgfd stream</title><link>	https://urbanage-v1.lsecities.net/kop/video/video-ronde-van-de-alpen-live-free-tv-111000006383.html	</link><description>&lt;div class=&quot;field field-name-field-date field-type-datetime field-label-above;/div&gt;</description><dc:creator>royal</dc:creator><guid isPermaLink="false">13584 at	https://urbanage-v1.lsecities.net/kop/video/video-ronde-van-de-alpen-live-free-tv-111000006383.html	</guid></item>
<item><title>	watch gcbyv gfdg sfsd livesfsdgfd stream</title><link>	https://urbanage-v1.lsecities.net/kop/video/video-ronde-van-de-alpen-live-free-tv-111000006384.html	</link><description>&lt;div class=&quot;field field-name-field-date field-type-datetime field-label-above;/div&gt;</description><dc:creator>royal</dc:creator><guid isPermaLink="false">13584 at	https://urbanage-v1.lsecities.net/kop/video/video-ronde-van-de-alpen-live-free-tv-111000006384.html	</guid></item>
<item><title>	watch gcbyv gfdg sfsd livesfsdgfd stream</title><link>	https://urbanage-v1.lsecities.net/kop/video/video-ronde-van-de-alpen-live-free-tv-111000006385.html	</link><description>&lt;div class=&quot;field field-name-field-date field-type-datetime field-label-above;/div&gt;</description><dc:creator>royal</dc:creator><guid isPermaLink="false">13584 at	https://urbanage-v1.lsecities.net/kop/video/video-ronde-van-de-alpen-live-free-tv-111000006385.html	</guid></item>
<item><title>	watch gcbyv gfdg sfsd livesfsdgfd stream</title><link>	https://urbanage-v1.lsecities.net/kop/video/video-ronde-van-de-alpen-live-free-tv-111000006386.html	</link><description>&lt;div class=&quot;field field-name-field-date field-type-datetime field-label-above;/div&gt;</description><dc:creator>royal</dc:creator><guid isPermaLink="false">13584 at	https://urbanage-v1.lsecities.net/kop/video/video-ronde-van-de-alpen-live-free-tv-111000006386.html	</guid></item>
<item><title>	watch gcbyv gfdg sfsd livesfsdgfd stream</title><link>	https://urbanage-v1.lsecities.net/kop/video/video-ronde-van-de-alpen-live-free-tv-111000006387.html	</link><description>&lt;div class=&quot;field field-name-field-date field-type-datetime field-label-above;/div&gt;</description><dc:creator>royal</dc:creator><guid isPermaLink="false">13584 at	https://urbanage-v1.lsecities.net/kop/video/video-ronde-van-de-alpen-live-free-tv-111000006387.html	</guid></item>
<item><title>	watch gcbyv gfdg sfsd livesfsdgfd stream</title><link>	https://urbanage-v1.lsecities.net/kop/video/video-ronde-van-de-alpen-live-free-tv-111000006388.html	</link><description>&lt;div class=&quot;field field-name-field-date field-type-datetime field-label-above;/div&gt;</description><dc:creator>royal</dc:creator><guid isPermaLink="false">13584 at	https://urbanage-v1.lsecities.net/kop/video/video-ronde-van-de-alpen-live-free-tv-111000006388.html	</guid></item>
<item><title>	watch gcbyv gfdg sfsd livesfsdgfd stream</title><link>	https://urbanage-v1.lsecities.net/kop/video/video-ronde-van-de-alpen-live-free-tv-111000006389.html	</link><description>&lt;div class=&quot;field field-name-field-date field-type-datetime field-label-above;/div&gt;</description><dc:creator>royal</dc:creator><guid isPermaLink="false">13584 at	https://urbanage-v1.lsecities.net/kop/video/video-ronde-van-de-alpen-live-free-tv-111000006389.html	</guid></item>
<item><title>	watch gcbyv gfdg sfsd livesfsdgfd stream</title><link>	https://urbanage-v1.lsecities.net/kop/video/video-ronde-van-de-alpen-live-free-tv-111000006390.html	</link><description>&lt;div class=&quot;field field-name-field-date field-type-datetime field-label-above;/div&gt;</description><dc:creator>royal</dc:creator><guid isPermaLink="false">13584 at	https://urbanage-v1.lsecities.net/kop/video/video-ronde-van-de-alpen-live-free-tv-111000006390.html	</guid></item>
<item><title>	watch gcbyv gfdg sfsd livesfsdgfd stream</title><link>	https://urbanage-v1.lsecities.net/kop/video/video-ronde-van-de-alpen-live-free-tv-111000006391.html	</link><description>&lt;div class=&quot;field field-name-field-date field-type-datetime field-label-above;/div&gt;</description><dc:creator>royal</dc:creator><guid isPermaLink="false">13584 at	https://urbanage-v1.lsecities.net/kop/video/video-ronde-van-de-alpen-live-free-tv-111000006391.html	</guid></item>
<item><title>	watch gcbyv gfdg sfsd livesfsdgfd stream</title><link>	https://urbanage-v1.lsecities.net/kop/video/video-ronde-van-de-alpen-live-free-tv-111000006392.html	</link><description>&lt;div class=&quot;field field-name-field-date field-type-datetime field-label-above;/div&gt;</description><dc:creator>royal</dc:creator><guid isPermaLink="false">13584 at	https://urbanage-v1.lsecities.net/kop/video/video-ronde-van-de-alpen-live-free-tv-111000006392.html	</guid></item>
<item><title>	watch gcbyv gfdg sfsd livesfsdgfd stream</title><link>	https://urbanage-v1.lsecities.net/kop/video/video-ronde-van-de-alpen-live-free-tv-111000006393.html	</link><description>&lt;div class=&quot;field field-name-field-date field-type-datetime field-label-above;/div&gt;</description><dc:creator>royal</dc:creator><guid isPermaLink="false">13584 at	https://urbanage-v1.lsecities.net/kop/video/video-ronde-van-de-alpen-live-free-tv-111000006393.html	</guid></item>
<item><title>	watch gcbyv gfdg sfsd livesfsdgfd stream</title><link>	https://urbanage-v1.lsecities.net/kop/video/video-ronde-van-de-alpen-live-free-tv-111000006394.html	</link><description>&lt;div class=&quot;field field-name-field-date field-type-datetime field-label-above;/div&gt;</description><dc:creator>royal</dc:creator><guid isPermaLink="false">13584 at	https://urbanage-v1.lsecities.net/kop/video/video-ronde-van-de-alpen-live-free-tv-111000006394.html	</guid></item>
<item><title>	watch gcbyv gfdg sfsd livesfsdgfd stream</title><link>	https://urbanage-v1.lsecities.net/kop/video/video-ronde-van-de-alpen-live-free-tv-111000006395.html	</link><description>&lt;div class=&quot;field field-name-field-date field-type-datetime field-label-above;/div&gt;</description><dc:creator>royal</dc:creator><guid isPermaLink="false">13584 at	https://urbanage-v1.lsecities.net/kop/video/video-ronde-van-de-alpen-live-free-tv-111000006395.html	</guid></item>
<item><title>	watch gcbyv gfdg sfsd livesfsdgfd stream</title><link>	https://urbanage-v1.lsecities.net/kop/video/video-ronde-van-de-alpen-live-free-tv-111000006396.html	</link><description>&lt;div class=&quot;field field-name-field-date field-type-datetime field-label-above;/div&gt;</description><dc:creator>royal</dc:creator><guid isPermaLink="false">13584 at	https://urbanage-v1.lsecities.net/kop/video/video-ronde-van-de-alpen-live-free-tv-111000006396.html	</guid></item>
<item><title>	watch gcbyv gfdg sfsd livesfsdgfd stream</title><link>	https://urbanage-v1.lsecities.net/kop/video/video-ronde-van-de-alpen-live-free-tv-111000006397.html	</link><description>&lt;div class=&quot;field field-name-field-date field-type-datetime field-label-above;/div&gt;</description><dc:creator>royal</dc:creator><guid isPermaLink="false">13584 at	https://urbanage-v1.lsecities.net/kop/video/video-ronde-van-de-alpen-live-free-tv-111000006397.html	</guid></item>
<item><title>	watch gcbyv gfdg sfsd livesfsdgfd stream</title><link>	https://urbanage-v1.lsecities.net/kop/video/video-ronde-van-de-alpen-live-free-tv-111000006398.html	</link><description>&lt;div class=&quot;field field-name-field-date field-type-datetime field-label-above;/div&gt;</description><dc:creator>royal</dc:creator><guid isPermaLink="false">13584 at	https://urbanage-v1.lsecities.net/kop/video/video-ronde-van-de-alpen-live-free-tv-111000006398.html	</guid></item>
<item><title>	watch gcbyv gfdg sfsd livesfsdgfd stream</title><link>	https://urbanage-v1.lsecities.net/kop/video/video-ronde-van-de-alpen-live-free-tv-111000006399.html	</link><description>&lt;div class=&quot;field field-name-field-date field-type-datetime field-label-above;/div&gt;</description><dc:creator>royal</dc:creator><guid isPermaLink="false">13584 at	https://urbanage-v1.lsecities.net/kop/video/video-ronde-van-de-alpen-live-free-tv-111000006399.html	</guid></item>
<item><title>	watch gcbyv gfdg sfsd livesfsdgfd stream</title><link>	https://urbanage-v1.lsecities.net/kop/video/video-ronde-van-de-alpen-live-free-tv-111000006400.html	</link><description>&lt;div class=&quot;field field-name-field-date field-type-datetime field-label-above;/div&gt;</description><dc:creator>royal</dc:creator><guid isPermaLink="false">13584 at	https://urbanage-v1.lsecities.net/kop/video/video-ronde-van-de-alpen-live-free-tv-111000006400.html	</guid></item>
<item><title>	watch gcbyv gfdg sfsd livesfsdgfd stream</title><link>	https://urbanage-v1.lsecities.net/kop/video/video-ronde-van-de-alpen-live-free-tv-111000006401.html	</link><description>&lt;div class=&quot;field field-name-field-date field-type-datetime field-label-above;/div&gt;</description><dc:creator>royal</dc:creator><guid isPermaLink="false">13584 at	https://urbanage-v1.lsecities.net/kop/video/video-ronde-van-de-alpen-live-free-tv-111000006401.html	</guid></item>
<item><title>	watch gcbyv gfdg sfsd livesfsdgfd stream</title><link>	https://urbanage-v1.lsecities.net/kop/video/video-ronde-van-de-alpen-live-free-tv-111000006402.html	</link><description>&lt;div class=&quot;field field-name-field-date field-type-datetime field-label-above;/div&gt;</description><dc:creator>royal</dc:creator><guid isPermaLink="false">13584 at	https://urbanage-v1.lsecities.net/kop/video/video-ronde-van-de-alpen-live-free-tv-111000006402.html	</guid></item>
<item><title>	watch gcbyv gfdg sfsd livesfsdgfd stream</title><link>	https://urbanage-v1.lsecities.net/kop/video/video-ronde-van-de-alpen-live-free-tv-111000006403.html	</link><description>&lt;div class=&quot;field field-name-field-date field-type-datetime field-label-above;/div&gt;</description><dc:creator>royal</dc:creator><guid isPermaLink="false">13584 at	https://urbanage-v1.lsecities.net/kop/video/video-ronde-van-de-alpen-live-free-tv-111000006403.html	</guid></item>
<item><title>	watch gcbyv gfdg sfsd livesfsdgfd stream</title><link>	https://urbanage-v1.lsecities.net/kop/video/video-ronde-van-de-alpen-live-free-tv-111000006404.html	</link><description>&lt;div class=&quot;field field-name-field-date field-type-datetime field-label-above;/div&gt;</description><dc:creator>royal</dc:creator><guid isPermaLink="false">13584 at	https://urbanage-v1.lsecities.net/kop/video/video-ronde-van-de-alpen-live-free-tv-111000006404.html	</guid></item>
<item><title>	watch gcbyv gfdg sfsd livesfsdgfd stream</title><link>	https://urbanage-v1.lsecities.net/kop/video/video-ronde-van-de-alpen-live-free-tv-111000006405.html	</link><description>&lt;div class=&quot;field field-name-field-date field-type-datetime field-label-above;/div&gt;</description><dc:creator>royal</dc:creator><guid isPermaLink="false">13584 at	https://urbanage-v1.lsecities.net/kop/video/video-ronde-van-de-alpen-live-free-tv-111000006405.html	</guid></item>
<item><title>	watch gcbyv gfdg sfsd livesfsdgfd stream</title><link>	https://urbanage-v1.lsecities.net/kop/video/video-ronde-van-de-alpen-live-free-tv-111000006406.html	</link><description>&lt;div class=&quot;field field-name-field-date field-type-datetime field-label-above;/div&gt;</description><dc:creator>royal</dc:creator><guid isPermaLink="false">13584 at	https://urbanage-v1.lsecities.net/kop/video/video-ronde-van-de-alpen-live-free-tv-111000006406.html	</guid></item>
<item><title>	watch gcbyv gfdg sfsd livesfsdgfd stream</title><link>	https://urbanage-v1.lsecities.net/kop/video/video-ronde-van-de-alpen-live-free-tv-111000006407.html	</link><description>&lt;div class=&quot;field field-name-field-date field-type-datetime field-label-above;/div&gt;</description><dc:creator>royal</dc:creator><guid isPermaLink="false">13584 at	https://urbanage-v1.lsecities.net/kop/video/video-ronde-van-de-alpen-live-free-tv-111000006407.html	</guid></item>

</channel>
</rss>