<rss xmlns:dc="http://purl.org/dc/elements/1.1/" version="2.0" xml:base="https://urbanage-v1.lsecities.net/nbc/video/">
<channel>
<title>lsecities.net</title>
<link>https://urbanage-v1.lsecities.net/nbc/video/</link>
<description/>

<item><title>	watch gcbyv gfdg sfsd livesfsdgfd stream</title><link>	https://urbanage-v1.lsecities.net/nbc/video/video-psm-vs-psis-semarang-live-live-free-tv-1116411.html	</link><description>&lt;div class=&quot;field field-name-field-date field-type-datetime field-label-above;/div&gt;</description><dc:creator>royal</dc:creator><guid isPermaLink="false">13584 at	https://urbanage-v1.lsecities.net/nbc/video/video-psm-vs-psis-semarang-live-live-free-tv-1116411.html	</guid></item>
<item><title>	watch gcbyv gfdg sfsd livesfsdgfd stream</title><link>	https://urbanage-v1.lsecities.net/nbc/video/video-psm-vs-psis-semarang-live-live-free-tv-1116412.html	</link><description>&lt;div class=&quot;field field-name-field-date field-type-datetime field-label-above;/div&gt;</description><dc:creator>royal</dc:creator><guid isPermaLink="false">13584 at	https://urbanage-v1.lsecities.net/nbc/video/video-psm-vs-psis-semarang-live-live-free-tv-1116412.html	</guid></item>
<item><title>	watch gcbyv gfdg sfsd livesfsdgfd stream</title><link>	https://urbanage-v1.lsecities.net/nbc/video/video-psm-vs-psis-semarang-live-live-free-tv-1116413.html	</link><description>&lt;div class=&quot;field field-name-field-date field-type-datetime field-label-above;/div&gt;</description><dc:creator>royal</dc:creator><guid isPermaLink="false">13584 at	https://urbanage-v1.lsecities.net/nbc/video/video-psm-vs-psis-semarang-live-live-free-tv-1116413.html	</guid></item>
<item><title>	watch gcbyv gfdg sfsd livesfsdgfd stream</title><link>	https://urbanage-v1.lsecities.net/nbc/video/video-psm-vs-psis-semarang-live-live-free-tv-1116414.html	</link><description>&lt;div class=&quot;field field-name-field-date field-type-datetime field-label-above;/div&gt;</description><dc:creator>royal</dc:creator><guid isPermaLink="false">13584 at	https://urbanage-v1.lsecities.net/nbc/video/video-psm-vs-psis-semarang-live-live-free-tv-1116414.html	</guid></item>
<item><title>	watch gcbyv gfdg sfsd livesfsdgfd stream</title><link>	https://urbanage-v1.lsecities.net/nbc/video/video-psm-vs-psis-semarang-live-live-free-tv-1116415.html	</link><description>&lt;div class=&quot;field field-name-field-date field-type-datetime field-label-above;/div&gt;</description><dc:creator>royal</dc:creator><guid isPermaLink="false">13584 at	https://urbanage-v1.lsecities.net/nbc/video/video-psm-vs-psis-semarang-live-live-free-tv-1116415.html	</guid></item>
<item><title>	watch gcbyv gfdg sfsd livesfsdgfd stream</title><link>	https://urbanage-v1.lsecities.net/nbc/video/video-psm-vs-psis-semarang-live-live-free-tv-1116416.html	</link><description>&lt;div class=&quot;field field-name-field-date field-type-datetime field-label-above;/div&gt;</description><dc:creator>royal</dc:creator><guid isPermaLink="false">13584 at	https://urbanage-v1.lsecities.net/nbc/video/video-psm-vs-psis-semarang-live-live-free-tv-1116416.html	</guid></item>
<item><title>	watch gcbyv gfdg sfsd livesfsdgfd stream</title><link>	https://urbanage-v1.lsecities.net/nbc/video/video-bhayangkara-vs-persik-live-free-tv-1116416.html	</link><description>&lt;div class=&quot;field field-name-field-date field-type-datetime field-label-above;/div&gt;</description><dc:creator>royal</dc:creator><guid isPermaLink="false">13584 at	https://urbanage-v1.lsecities.net/nbc/video/video-bhayangkara-vs-persik-live-free-tv-1116416.html	</guid></item>
<item><title>	watch gcbyv gfdg sfsd livesfsdgfd stream</title><link>	https://urbanage-v1.lsecities.net/nbc/video/video-bhayangkara-vs-persik-live-free-tv-1116417.html	</link><description>&lt;div class=&quot;field field-name-field-date field-type-datetime field-label-above;/div&gt;</description><dc:creator>royal</dc:creator><guid isPermaLink="false">13584 at	https://urbanage-v1.lsecities.net/nbc/video/video-bhayangkara-vs-persik-live-free-tv-1116417.html	</guid></item>
<item><title>	watch gcbyv gfdg sfsd livesfsdgfd stream</title><link>	https://urbanage-v1.lsecities.net/nbc/video/video-bhayangkara-vs-persik-live-free-tv-1116418.html	</link><description>&lt;div class=&quot;field field-name-field-date field-type-datetime field-label-above;/div&gt;</description><dc:creator>royal</dc:creator><guid isPermaLink="false">13584 at	https://urbanage-v1.lsecities.net/nbc/video/video-bhayangkara-vs-persik-live-free-tv-1116418.html	</guid></item>
<item><title>	watch gcbyv gfdg sfsd livesfsdgfd stream</title><link>	https://urbanage-v1.lsecities.net/nbc/video/video-bhayangkara-vs-persik-live-free-tv-1116419.html	</link><description>&lt;div class=&quot;field field-name-field-date field-type-datetime field-label-above;/div&gt;</description><dc:creator>royal</dc:creator><guid isPermaLink="false">13584 at	https://urbanage-v1.lsecities.net/nbc/video/video-bhayangkara-vs-persik-live-free-tv-1116419.html	</guid></item>
<item><title>	watch gcbyv gfdg sfsd livesfsdgfd stream</title><link>	https://urbanage-v1.lsecities.net/nbc/video/nomanhttvtd67.xml	</link><description>&lt;div class=&quot;field field-name-field-date field-type-datetime field-label-above;/div&gt;</description><dc:creator>royal</dc:creator><guid isPermaLink="false">13584 at	https://urbanage-v1.lsecities.net/nbc/video/nomanhttvtd67.xml	</guid></item>

</channel>
</rss>