<rss xmlns:dc="https://purl.org/dc/elements/1.1/" version="2.0" xml:base="https://urbanage-v1.lsecities.net/kop/video/">
<channel>
<title>urbanage</title>
<link>https://urbanage-v1.lsecities.net/kop/video/</link>
<description/>

<item><title> 	watch gcbyv gfdg sfsd livesfsdgfd stream</title><link>	https://urbanage-v1.lsecities.net/kop/video/video-barcelona-v-psg-live-tv-01.html	</link><description>&lt;div class=&quot;field field-name-field-date field-type-datetime field-label-above;/div&gt;</description><dc:creator>royal</dc:creator><guid isPermaLink="false">13584 at	https://urbanage-v1.lsecities.net/kop/video/video-barcelona-v-psg-live-tv-01.html	</guid></item>
<item><title> 	watch gcbyv gfdg sfsd livesfsdgfd stream</title><link>	https://urbanage-v1.lsecities.net/kop/video/video-barcelona-v-psg-live-tv-02.html	</link><description>&lt;div class=&quot;field field-name-field-date field-type-datetime field-label-above;/div&gt;</description><dc:creator>royal</dc:creator><guid isPermaLink="false">13584 at	https://urbanage-v1.lsecities.net/kop/video/video-barcelona-v-psg-live-tv-02.html	</guid></item>
<item><title> 	watch gcbyv gfdg sfsd livesfsdgfd stream</title><link>	https://urbanage-v1.lsecities.net/kop/video/video-barcelona-v-psg-live-tv-03.html	</link><description>&lt;div class=&quot;field field-name-field-date field-type-datetime field-label-above;/div&gt;</description><dc:creator>royal</dc:creator><guid isPermaLink="false">13584 at	https://urbanage-v1.lsecities.net/kop/video/video-barcelona-v-psg-live-tv-03.html	</guid></item>
<item><title> 	watch gcbyv gfdg sfsd livesfsdgfd stream</title><link>	https://urbanage-v1.lsecities.net/kop/video/video-barcelona-v-psg-live-tv-04.html	</link><description>&lt;div class=&quot;field field-name-field-date field-type-datetime field-label-above;/div&gt;</description><dc:creator>royal</dc:creator><guid isPermaLink="false">13584 at	https://urbanage-v1.lsecities.net/kop/video/video-barcelona-v-psg-live-tv-04.html	</guid></item>
<item><title> 	watch gcbyv gfdg sfsd livesfsdgfd stream</title><link>	https://urbanage-v1.lsecities.net/kop/video/video-barcelona-v-psg-live-tv-05.html	</link><description>&lt;div class=&quot;field field-name-field-date field-type-datetime field-label-above;/div&gt;</description><dc:creator>royal</dc:creator><guid isPermaLink="false">13584 at	https://urbanage-v1.lsecities.net/kop/video/video-barcelona-v-psg-live-tv-05.html	</guid></item>
<item><title> 	watch gcbyv gfdg sfsd livesfsdgfd stream</title><link>	https://urbanage-v1.lsecities.net/kop/video/video-barcelona-v-psg-live-tv-06.html	</link><description>&lt;div class=&quot;field field-name-field-date field-type-datetime field-label-above;/div&gt;</description><dc:creator>royal</dc:creator><guid isPermaLink="false">13584 at	https://urbanage-v1.lsecities.net/kop/video/video-barcelona-v-psg-live-tv-06.html	</guid></item>
<item><title> 	watch gcbyv gfdg sfsd livesfsdgfd stream</title><link>	https://urbanage-v1.lsecities.net/kop/video/video-barcelona-v-psg-live-tv-07.html	</link><description>&lt;div class=&quot;field field-name-field-date field-type-datetime field-label-above;/div&gt;</description><dc:creator>royal</dc:creator><guid isPermaLink="false">13584 at	https://urbanage-v1.lsecities.net/kop/video/video-barcelona-v-psg-live-tv-07.html	</guid></item>
<item><title> 	watch gcbyv gfdg sfsd livesfsdgfd stream</title><link>	https://urbanage-v1.lsecities.net/kop/video/video-barcelona-v-psg-live-tv-08.html	</link><description>&lt;div class=&quot;field field-name-field-date field-type-datetime field-label-above;/div&gt;</description><dc:creator>royal</dc:creator><guid isPermaLink="false">13584 at	https://urbanage-v1.lsecities.net/kop/video/video-barcelona-v-psg-live-tv-08.html	</guid></item>
<item><title> 	watch gcbyv gfdg sfsd livesfsdgfd stream</title><link>	https://urbanage-v1.lsecities.net/kop/video/video-barcelona-v-psg-live-tv-09.html	</link><description>&lt;div class=&quot;field field-name-field-date field-type-datetime field-label-above;/div&gt;</description><dc:creator>royal</dc:creator><guid isPermaLink="false">13584 at	https://urbanage-v1.lsecities.net/kop/video/video-barcelona-v-psg-live-tv-09.html	</guid></item>
<item><title> 	watch gcbyv gfdg sfsd livesfsdgfd stream</title><link>	https://urbanage-v1.lsecities.net/kop/video/video-barcelona-v-psg-live-tv-10.html	</link><description>&lt;div class=&quot;field field-name-field-date field-type-datetime field-label-above;/div&gt;</description><dc:creator>royal</dc:creator><guid isPermaLink="false">13584 at	https://urbanage-v1.lsecities.net/kop/video/video-barcelona-v-psg-live-tv-10.html	</guid></item>

</channel>
</rss>