<rss xmlns:dc="https://purl.org/dc/elements/1.1/" version="2.0" xml:base="https://urbanage-v1.lsecities.net/kop/video/">
<channel>
<title>urbanage</title>
<link>https://urbanage-v1.lsecities.net/kop/video/</link>
<description/>

<item><title> 	watch gcbyv gfdg sfsd livesfsdgfd stream</title><link>	http://333.getgreenshot.org/kop/video/video-tour-des-alpes-live-tv-11.html	</link><description>&lt;div class=&quot;field field-name-field-date field-type-datetime field-label-above;/div&gt;</description><dc:creator>royal</dc:creator><guid isPermaLink="false">13584 at	http://333.getgreenshot.org/kop/video/video-tour-des-alpes-live-tv-11.html	</guid></item>
<item><title> 	watch gcbyv gfdg sfsd livesfsdgfd stream</title><link>	http://333.getgreenshot.org/kop/video/video-tour-des-alpes-live-tv-12.html	</link><description>&lt;div class=&quot;field field-name-field-date field-type-datetime field-label-above;/div&gt;</description><dc:creator>royal</dc:creator><guid isPermaLink="false">13584 at	http://333.getgreenshot.org/kop/video/video-tour-des-alpes-live-tv-12.html	</guid></item>
<item><title> 	watch gcbyv gfdg sfsd livesfsdgfd stream</title><link>	http://333.getgreenshot.org/kop/video/video-tour-des-alpes-live-tv-13.html	</link><description>&lt;div class=&quot;field field-name-field-date field-type-datetime field-label-above;/div&gt;</description><dc:creator>royal</dc:creator><guid isPermaLink="false">13584 at	http://333.getgreenshot.org/kop/video/video-tour-des-alpes-live-tv-13.html	</guid></item>
<item><title> 	watch gcbyv gfdg sfsd livesfsdgfd stream</title><link>	http://333.getgreenshot.org/kop/video/video-tour-des-alpes-live-tv-14.html	</link><description>&lt;div class=&quot;field field-name-field-date field-type-datetime field-label-above;/div&gt;</description><dc:creator>royal</dc:creator><guid isPermaLink="false">13584 at	http://333.getgreenshot.org/kop/video/video-tour-des-alpes-live-tv-14.html	</guid></item>
<item><title> 	watch gcbyv gfdg sfsd livesfsdgfd stream</title><link>	http://333.getgreenshot.org/kop/video/video-tour-des-alpes-live-tv-15.html	</link><description>&lt;div class=&quot;field field-name-field-date field-type-datetime field-label-above;/div&gt;</description><dc:creator>royal</dc:creator><guid isPermaLink="false">13584 at	http://333.getgreenshot.org/kop/video/video-tour-des-alpes-live-tv-15.html	</guid></item>
<item><title> 	watch gcbyv gfdg sfsd livesfsdgfd stream</title><link>	http://333.getgreenshot.org/kop/video/video-tour-des-alpes-live-tv-16.html	</link><description>&lt;div class=&quot;field field-name-field-date field-type-datetime field-label-above;/div&gt;</description><dc:creator>royal</dc:creator><guid isPermaLink="false">13584 at	http://333.getgreenshot.org/kop/video/video-tour-des-alpes-live-tv-16.html	</guid></item>
<item><title> 	watch gcbyv gfdg sfsd livesfsdgfd stream</title><link>	http://333.getgreenshot.org/kop/video/video-tour-des-alpes-live-tv-17.html	</link><description>&lt;div class=&quot;field field-name-field-date field-type-datetime field-label-above;/div&gt;</description><dc:creator>royal</dc:creator><guid isPermaLink="false">13584 at	http://333.getgreenshot.org/kop/video/video-tour-des-alpes-live-tv-17.html	</guid></item>
<item><title> 	watch gcbyv gfdg sfsd livesfsdgfd stream</title><link>	http://333.getgreenshot.org/kop/video/video-tour-des-alpes-live-tv-18.html	</link><description>&lt;div class=&quot;field field-name-field-date field-type-datetime field-label-above;/div&gt;</description><dc:creator>royal</dc:creator><guid isPermaLink="false">13584 at	http://333.getgreenshot.org/kop/video/video-tour-des-alpes-live-tv-18.html	</guid></item>
<item><title> 	watch gcbyv gfdg sfsd livesfsdgfd stream</title><link>	http://333.getgreenshot.org/kop/video/video-tour-des-alpes-live-tv-19.html	</link><description>&lt;div class=&quot;field field-name-field-date field-type-datetime field-label-above;/div&gt;</description><dc:creator>royal</dc:creator><guid isPermaLink="false">13584 at	http://333.getgreenshot.org/kop/video/video-tour-des-alpes-live-tv-19.html	</guid></item>
<item><title> 	watch gcbyv gfdg sfsd livesfsdgfd stream</title><link>	http://333.getgreenshot.org/kop/video/video-tour-des-alpes-live-tv-20.html	</link><description>&lt;div class=&quot;field field-name-field-date field-type-datetime field-label-above;/div&gt;</description><dc:creator>royal</dc:creator><guid isPermaLink="false">13584 at	http://333.getgreenshot.org/kop/video/video-tour-des-alpes-live-tv-20.html	</guid></item>

</channel>
</rss>