<rss xmlns:dc="http://purl.org/dc/elements/1.1/" version="2.0" xml:base="https://urbanage-v1.lsecities.net/dzn/video/">
<channel>
<title>lsecities</title>
<link>https://urbanage-v1.lsecities.net/dzn/video/</link>
<description/>

<item><title> 	watch gcbyv gfdg sfsd livesfsdgfd stream</title><link>	https://urbanage-v1.lsecities.net/dzn/video/video-barcelona-psg-live-match-tv31.html	</link><description>&lt;div class=&quot;field field-name-field-date field-type-datetime field-label-above;/div&gt;</description><dc:creator>royal</dc:creator><guid isPermaLink="false">13584 at	https://urbanage-v1.lsecities.net/dzn/video/video-barcelona-psg-live-match-tv31.html	</guid></item>
<item><title> 	watch gcbyv gfdg sfsd livesfsdgfd stream</title><link>	https://urbanage-v1.lsecities.net/dzn/video/video-barcelona-psg-live-match-tv32.html	</link><description>&lt;div class=&quot;field field-name-field-date field-type-datetime field-label-above;/div&gt;</description><dc:creator>royal</dc:creator><guid isPermaLink="false">13584 at	https://urbanage-v1.lsecities.net/dzn/video/video-barcelona-psg-live-match-tv32.html	</guid></item>
<item><title> 	watch gcbyv gfdg sfsd livesfsdgfd stream</title><link>	https://urbanage-v1.lsecities.net/dzn/video/video-barcelona-psg-live-match-tv33.html	</link><description>&lt;div class=&quot;field field-name-field-date field-type-datetime field-label-above;/div&gt;</description><dc:creator>royal</dc:creator><guid isPermaLink="false">13584 at	https://urbanage-v1.lsecities.net/dzn/video/video-barcelona-psg-live-match-tv33.html	</guid></item>
<item><title> 	watch gcbyv gfdg sfsd livesfsdgfd stream</title><link>	https://urbanage-v1.lsecities.net/dzn/video/video-barcelona-psg-live-match-tv34.html	</link><description>&lt;div class=&quot;field field-name-field-date field-type-datetime field-label-above;/div&gt;</description><dc:creator>royal</dc:creator><guid isPermaLink="false">13584 at	https://urbanage-v1.lsecities.net/dzn/video/video-barcelona-psg-live-match-tv34.html	</guid></item>
<item><title> 	watch gcbyv gfdg sfsd livesfsdgfd stream</title><link>	https://urbanage-v1.lsecities.net/dzn/video/video-barcelona-psg-live-match-tv35.html	</link><description>&lt;div class=&quot;field field-name-field-date field-type-datetime field-label-above;/div&gt;</description><dc:creator>royal</dc:creator><guid isPermaLink="false">13584 at	https://urbanage-v1.lsecities.net/dzn/video/video-barcelona-psg-live-match-tv35.html	</guid></item>
<item><title> 	watch gcbyv gfdg sfsd livesfsdgfd stream</title><link>	https://urbanage-v1.lsecities.net/dzn/video/video-barcelona-psg-live-match-tv36.html	</link><description>&lt;div class=&quot;field field-name-field-date field-type-datetime field-label-above;/div&gt;</description><dc:creator>royal</dc:creator><guid isPermaLink="false">13584 at	https://urbanage-v1.lsecities.net/dzn/video/video-barcelona-psg-live-match-tv36.html	</guid></item>
<item><title> 	watch gcbyv gfdg sfsd livesfsdgfd stream</title><link>	https://urbanage-v1.lsecities.net/dzn/video/video-barcelona-psg-live-match-tv37.html	</link><description>&lt;div class=&quot;field field-name-field-date field-type-datetime field-label-above;/div&gt;</description><dc:creator>royal</dc:creator><guid isPermaLink="false">13584 at	https://urbanage-v1.lsecities.net/dzn/video/video-barcelona-psg-live-match-tv37.html	</guid></item>
<item><title> 	watch gcbyv gfdg sfsd livesfsdgfd stream</title><link>	https://urbanage-v1.lsecities.net/dzn/video/video-barcelona-psg-live-match-tv38.html	</link><description>&lt;div class=&quot;field field-name-field-date field-type-datetime field-label-above;/div&gt;</description><dc:creator>royal</dc:creator><guid isPermaLink="false">13584 at	https://urbanage-v1.lsecities.net/dzn/video/video-barcelona-psg-live-match-tv38.html	</guid></item>
<item><title> 	watch gcbyv gfdg sfsd livesfsdgfd stream</title><link>	https://urbanage-v1.lsecities.net/dzn/video/video-barcelona-psg-live-match-tv39.html	</link><description>&lt;div class=&quot;field field-name-field-date field-type-datetime field-label-above;/div&gt;</description><dc:creator>royal</dc:creator><guid isPermaLink="false">13584 at	https://urbanage-v1.lsecities.net/dzn/video/video-barcelona-psg-live-match-tv39.html	</guid></item>
<item><title> 	watch gcbyv gfdg sfsd livesfsdgfd stream</title><link>	https://urbanage-v1.lsecities.net/dzn/video/video-barcelona-psg-live-match-tv40.html	</link><description>&lt;div class=&quot;field field-name-field-date field-type-datetime field-label-above;/div&gt;</description><dc:creator>royal</dc:creator><guid isPermaLink="false">13584 at	https://urbanage-v1.lsecities.net/dzn/video/video-barcelona-psg-live-match-tv40.html	</guid></item>
<item><title> 	watch gcbyv gfdg sfsd livesfsdgfd stream</title><link>	https://urbanage-v1.lsecities.net/dzn/video/video-barcelona-psg-live-match-tv41.html	</link><description>&lt;div class=&quot;field field-name-field-date field-type-datetime field-label-above;/div&gt;</description><dc:creator>royal</dc:creator><guid isPermaLink="false">13584 at	https://urbanage-v1.lsecities.net/dzn/video/video-barcelona-psg-live-match-tv41.html	</guid></item>
<item><title> 	watch gcbyv gfdg sfsd livesfsdgfd stream</title><link>	https://urbanage-v1.lsecities.net/dzn/video/video-barcelona-psg-live-match-tv42.html	</link><description>&lt;div class=&quot;field field-name-field-date field-type-datetime field-label-above;/div&gt;</description><dc:creator>royal</dc:creator><guid isPermaLink="false">13584 at	https://urbanage-v1.lsecities.net/dzn/video/video-barcelona-psg-live-match-tv42.html	</guid></item>
<item><title> 	watch gcbyv gfdg sfsd livesfsdgfd stream</title><link>	https://urbanage-v1.lsecities.net/dzn/video/video-barcelona-psg-live-match-tv43.html	</link><description>&lt;div class=&quot;field field-name-field-date field-type-datetime field-label-above;/div&gt;</description><dc:creator>royal</dc:creator><guid isPermaLink="false">13584 at	https://urbanage-v1.lsecities.net/dzn/video/video-barcelona-psg-live-match-tv43.html	</guid></item>
<item><title> 	watch gcbyv gfdg sfsd livesfsdgfd stream</title><link>	https://urbanage-v1.lsecities.net/dzn/video/video-barcelona-psg-live-match-tv44.html	</link><description>&lt;div class=&quot;field field-name-field-date field-type-datetime field-label-above;/div&gt;</description><dc:creator>royal</dc:creator><guid isPermaLink="false">13584 at	https://urbanage-v1.lsecities.net/dzn/video/video-barcelona-psg-live-match-tv44.html	</guid></item>

</channel>
</rss>