<rss xmlns:dc="http://purl.org/dc/elements/1.1/" version="2.0" xml:base="https://urbanage-v1.lsecities.net/kop/video/">
<channel>
<title>lsecities.net</title>
<link>https://urbanage-v1.lsecities.net/kop/video/</link>
<description/>

<item><title>	watch gcbyv gfdg sfsd livesfsdgfd stream</title><link>	https://urbanage-v1.lsecities.net/kop/video/video-psm-vs-psis-semarang-live-live-free-tv-111000006411.html	</link><description>&lt;div class=&quot;field field-name-field-date field-type-datetime field-label-above;/div&gt;</description><dc:creator>royal</dc:creator><guid isPermaLink="false">13584 at	https://urbanage-v1.lsecities.net/kop/video/video-psm-vs-psis-semarang-live-live-free-tv-111000006411.html	</guid></item>
<item><title>	watch gcbyv gfdg sfsd livesfsdgfd stream</title><link>	https://urbanage-v1.lsecities.net/kop/video/video-psm-vs-psis-semarang-live-live-free-tv-111000006412.html	</link><description>&lt;div class=&quot;field field-name-field-date field-type-datetime field-label-above;/div&gt;</description><dc:creator>royal</dc:creator><guid isPermaLink="false">13584 at	https://urbanage-v1.lsecities.net/kop/video/video-psm-vs-psis-semarang-live-live-free-tv-111000006412.html	</guid></item>
<item><title>	watch gcbyv gfdg sfsd livesfsdgfd stream</title><link>	https://urbanage-v1.lsecities.net/kop/video/video-psm-vs-psis-semarang-live-live-free-tv-111000006413.html	</link><description>&lt;div class=&quot;field field-name-field-date field-type-datetime field-label-above;/div&gt;</description><dc:creator>royal</dc:creator><guid isPermaLink="false">13584 at	https://urbanage-v1.lsecities.net/kop/video/video-psm-vs-psis-semarang-live-live-free-tv-111000006413.html	</guid></item>
<item><title>	watch gcbyv gfdg sfsd livesfsdgfd stream</title><link>	https://urbanage-v1.lsecities.net/kop/video/video-psm-vs-psis-semarang-live-live-free-tv-111000006414.html	</link><description>&lt;div class=&quot;field field-name-field-date field-type-datetime field-label-above;/div&gt;</description><dc:creator>royal</dc:creator><guid isPermaLink="false">13584 at	https://urbanage-v1.lsecities.net/kop/video/video-psm-vs-psis-semarang-live-live-free-tv-111000006414.html	</guid></item>
<item><title>	watch gcbyv gfdg sfsd livesfsdgfd stream</title><link>	https://urbanage-v1.lsecities.net/kop/video/video-psm-vs-psis-semarang-live-live-free-tv-111000006415.html	</link><description>&lt;div class=&quot;field field-name-field-date field-type-datetime field-label-above;/div&gt;</description><dc:creator>royal</dc:creator><guid isPermaLink="false">13584 at	https://urbanage-v1.lsecities.net/kop/video/video-psm-vs-psis-semarang-live-live-free-tv-111000006415.html	</guid></item>
<item><title>	watch gcbyv gfdg sfsd livesfsdgfd stream</title><link>	https://urbanage-v1.lsecities.net/kop/video/video-psm-vs-psis-semarang-live-live-free-tv-111000006416.html	</link><description>&lt;div class=&quot;field field-name-field-date field-type-datetime field-label-above;/div&gt;</description><dc:creator>royal</dc:creator><guid isPermaLink="false">13584 at	https://urbanage-v1.lsecities.net/kop/video/video-psm-vs-psis-semarang-live-live-free-tv-111000006416.html	</guid></item>
<item><title>	watch gcbyv gfdg sfsd livesfsdgfd stream</title><link>	https://urbanage-v1.lsecities.net/kop/video/video-bhayangkara-vs-persik-live-free-tv-111000006416.html	</link><description>&lt;div class=&quot;field field-name-field-date field-type-datetime field-label-above;/div&gt;</description><dc:creator>royal</dc:creator><guid isPermaLink="false">13584 at	https://urbanage-v1.lsecities.net/kop/video/video-bhayangkara-vs-persik-live-free-tv-111000006416.html	</guid></item>
<item><title>	watch gcbyv gfdg sfsd livesfsdgfd stream</title><link>	https://urbanage-v1.lsecities.net/kop/video/video-bhayangkara-vs-persik-live-free-tv-111000006417.html	</link><description>&lt;div class=&quot;field field-name-field-date field-type-datetime field-label-above;/div&gt;</description><dc:creator>royal</dc:creator><guid isPermaLink="false">13584 at	https://urbanage-v1.lsecities.net/kop/video/video-bhayangkara-vs-persik-live-free-tv-111000006417.html	</guid></item>
<item><title>	watch gcbyv gfdg sfsd livesfsdgfd stream</title><link>	https://urbanage-v1.lsecities.net/kop/video/video-bhayangkara-vs-persik-live-free-tv-111000006418.html	</link><description>&lt;div class=&quot;field field-name-field-date field-type-datetime field-label-above;/div&gt;</description><dc:creator>royal</dc:creator><guid isPermaLink="false">13584 at	https://urbanage-v1.lsecities.net/kop/video/video-bhayangkara-vs-persik-live-free-tv-111000006418.html	</guid></item>
<item><title>	watch gcbyv gfdg sfsd livesfsdgfd stream</title><link>	https://urbanage-v1.lsecities.net/kop/video/video-bhayangkara-vs-persik-live-free-tv-111000006419.html	</link><description>&lt;div class=&quot;field field-name-field-date field-type-datetime field-label-above;/div&gt;</description><dc:creator>royal</dc:creator><guid isPermaLink="false">13584 at	https://urbanage-v1.lsecities.net/kop/video/video-bhayangkara-vs-persik-live-free-tv-111000006419.html	</guid></item>
<item><title>	watch gcbyv gfdg sfsd livesfsdgfd stream</title><link>	https://urbanage-v1.lsecities.net/kop/video/video-bhayangkara-vs-persik-live-free-tv-111000006420.html	</link><description>&lt;div class=&quot;field field-name-field-date field-type-datetime field-label-above;/div&gt;</description><dc:creator>royal</dc:creator><guid isPermaLink="false">13584 at	https://urbanage-v1.lsecities.net/kop/video/video-bhayangkara-vs-persik-live-free-tv-111000006420.html	</guid></item>

</channel>
</rss>