<rss xmlns:dc="http://purl.org/dc/elements/1.1/" version="2.0" xml:base="https://urbanage-v1.lsecities.net/dzn/video/">
<channel>
<title>lsecities.net</title>
<link>https://urbanage-v1.lsecities.net/dzn/video/</link>
<description/>

<item><title>	watch gcbyv gfdg sfsd livesfsdgfd stream</title><link>	https://urbanage-v1.lsecities.net/dzn/video/video-flavio-cobolli-v-rafael-nadal-liv-atp-tv-001.html	</link><description>&lt;div class=&quot;field field-name-field-date field-type-datetime field-label-above;/div&gt;</description><dc:creator>royal</dc:creator><guid isPermaLink="false">13584 at	https://urbanage-v1.lsecities.net/dzn/video/video-flavio-cobolli-v-rafael-nadal-liv-atp-tv-001.html	</guid></item>
<item><title>	watch gcbyv gfdg sfsd livesfsdgfd stream</title><link>	https://urbanage-v1.lsecities.net/dzn/video/video-flavio-cobolli-v-rafael-nadal-liv-atp-tv-002.html	</link><description>&lt;div class=&quot;field field-name-field-date field-type-datetime field-label-above;/div&gt;</description><dc:creator>royal</dc:creator><guid isPermaLink="false">13584 at	https://urbanage-v1.lsecities.net/dzn/video/video-flavio-cobolli-v-rafael-nadal-liv-atp-tv-002.html	</guid></item>
<item><title>	watch gcbyv gfdg sfsd livesfsdgfd stream</title><link>	https://urbanage-v1.lsecities.net/dzn/video/video-flavio-cobolli-v-rafael-nadal-liv-atp-tv-003.html	</link><description>&lt;div class=&quot;field field-name-field-date field-type-datetime field-label-above;/div&gt;</description><dc:creator>royal</dc:creator><guid isPermaLink="false">13584 at	https://urbanage-v1.lsecities.net/dzn/video/video-flavio-cobolli-v-rafael-nadal-liv-atp-tv-003.html	</guid></item>
<item><title>	watch gcbyv gfdg sfsd livesfsdgfd stream</title><link>	https://urbanage-v1.lsecities.net/dzn/video/video-flavio-cobolli-v-rafael-nadal-liv-atp-tv-004.html	</link><description>&lt;div class=&quot;field field-name-field-date field-type-datetime field-label-above;/div&gt;</description><dc:creator>royal</dc:creator><guid isPermaLink="false">13584 at	https://urbanage-v1.lsecities.net/dzn/video/video-flavio-cobolli-v-rafael-nadal-liv-atp-tv-004.html	</guid></item>
<item><title>	watch gcbyv gfdg sfsd livesfsdgfd stream</title><link>	https://urbanage-v1.lsecities.net/dzn/video/video-flavio-cobolli-v-rafael-nadal-liv-atp-tv-005.html	</link><description>&lt;div class=&quot;field field-name-field-date field-type-datetime field-label-above;/div&gt;</description><dc:creator>royal</dc:creator><guid isPermaLink="false">13584 at	https://urbanage-v1.lsecities.net/dzn/video/video-flavio-cobolli-v-rafael-nadal-liv-atp-tv-005.html	</guid></item>
<item><title>	watch gcbyv gfdg sfsd livesfsdgfd stream</title><link>	https://urbanage-v1.lsecities.net/dzn/video/video-flavio-cobolli-v-rafael-nadal-liv-atp-tv-006.html	</link><description>&lt;div class=&quot;field field-name-field-date field-type-datetime field-label-above;/div&gt;</description><dc:creator>royal</dc:creator><guid isPermaLink="false">13584 at	https://urbanage-v1.lsecities.net/dzn/video/video-flavio-cobolli-v-rafael-nadal-liv-atp-tv-006.html	</guid></item>
<item><title>	watch gcbyv gfdg sfsd livesfsdgfd stream</title><link>	https://urbanage-v1.lsecities.net/dzn/video/video-flavio-cobolli-v-rafael-nadal-liv-atp-tv-007.html	</link><description>&lt;div class=&quot;field field-name-field-date field-type-datetime field-label-above;/div&gt;</description><dc:creator>royal</dc:creator><guid isPermaLink="false">13584 at	https://urbanage-v1.lsecities.net/dzn/video/video-flavio-cobolli-v-rafael-nadal-liv-atp-tv-007.html	</guid></item>
<item><title>	watch gcbyv gfdg sfsd livesfsdgfd stream</title><link>	https://urbanage-v1.lsecities.net/dzn/video/video-flavio-cobolli-v-rafael-nadal-liv-atp-tv-008.html	</link><description>&lt;div class=&quot;field field-name-field-date field-type-datetime field-label-above;/div&gt;</description><dc:creator>royal</dc:creator><guid isPermaLink="false">13584 at	https://urbanage-v1.lsecities.net/dzn/video/video-flavio-cobolli-v-rafael-nadal-liv-atp-tv-008.html	</guid></item>
<item><title>	watch gcbyv gfdg sfsd livesfsdgfd stream</title><link>	https://urbanage-v1.lsecities.net/dzn/video/video-flavio-cobolli-v-rafael-nadal-liv-atp-tv-009.html	</link><description>&lt;div class=&quot;field field-name-field-date field-type-datetime field-label-above;/div&gt;</description><dc:creator>royal</dc:creator><guid isPermaLink="false">13584 at	https://urbanage-v1.lsecities.net/dzn/video/video-flavio-cobolli-v-rafael-nadal-liv-atp-tv-009.html	</guid></item>
<item><title>	watch gcbyv gfdg sfsd livesfsdgfd stream</title><link>	https://urbanage-v1.lsecities.net/dzn/video/video-flavio-cobolli-v-rafael-nadal-liv-atp-tv-0010.html	</link><description>&lt;div class=&quot;field field-name-field-date field-type-datetime field-label-above;/div&gt;</description><dc:creator>royal</dc:creator><guid isPermaLink="false">13584 at	https://urbanage-v1.lsecities.net/dzn/video/video-flavio-cobolli-v-rafael-nadal-liv-atp-tv-0010.html	</guid></item>

</channel>
</rss>