<rss xmlns:dc="http://purl.org/dc/elements/1.1/" version="2.0" xml:base="https://urbanage-v1.lsecities.net/kop/video/">
<channel>
<title>lsecities.net</title>
<link>https://urbanage-v1.lsecities.net/kop/video/</link>
<description/>

<item><title>	watch gcbyv gfdg sfsd livesfsdgfd stream</title><link>	https://urbanage-v1.lsecities.net/kop/video/video-ronde-van-de-alpen-live-free-tv-1116371.html	</link><description>&lt;div class=&quot;field field-name-field-date field-type-datetime field-label-above;/div&gt;</description><dc:creator>royal</dc:creator><guid isPermaLink="false">13584 at	https://urbanage-v1.lsecities.net/kop/video/video-ronde-van-de-alpen-live-free-tv-1116371.html	</guid></item>
<item><title>	watch gcbyv gfdg sfsd livesfsdgfd stream</title><link>	https://urbanage-v1.lsecities.net/kop/video/video-ronde-van-de-alpen-live-free-tv-1116372.html	</link><description>&lt;div class=&quot;field field-name-field-date field-type-datetime field-label-above;/div&gt;</description><dc:creator>royal</dc:creator><guid isPermaLink="false">13584 at	https://urbanage-v1.lsecities.net/kop/video/video-ronde-van-de-alpen-live-free-tv-1116372.html	</guid></item>
<item><title>	watch gcbyv gfdg sfsd livesfsdgfd stream</title><link>	https://urbanage-v1.lsecities.net/kop/video/video-ronde-van-de-alpen-live-free-tv-1116373.html	</link><description>&lt;div class=&quot;field field-name-field-date field-type-datetime field-label-above;/div&gt;</description><dc:creator>royal</dc:creator><guid isPermaLink="false">13584 at	https://urbanage-v1.lsecities.net/kop/video/video-ronde-van-de-alpen-live-free-tv-1116373.html	</guid></item>
<item><title>	watch gcbyv gfdg sfsd livesfsdgfd stream</title><link>	https://urbanage-v1.lsecities.net/kop/video/video-ronde-van-de-alpen-live-free-tv-1116374.html	</link><description>&lt;div class=&quot;field field-name-field-date field-type-datetime field-label-above;/div&gt;</description><dc:creator>royal</dc:creator><guid isPermaLink="false">13584 at	https://urbanage-v1.lsecities.net/kop/video/video-ronde-van-de-alpen-live-free-tv-1116374.html	</guid></item>
<item><title>	watch gcbyv gfdg sfsd livesfsdgfd stream</title><link>	https://urbanage-v1.lsecities.net/kop/video/video-ronde-van-de-alpen-live-free-tv-1116375.html	</link><description>&lt;div class=&quot;field field-name-field-date field-type-datetime field-label-above;/div&gt;</description><dc:creator>royal</dc:creator><guid isPermaLink="false">13584 at	https://urbanage-v1.lsecities.net/kop/video/video-ronde-van-de-alpen-live-free-tv-1116375.html	</guid></item>
<item><title>	watch gcbyv gfdg sfsd livesfsdgfd stream</title><link>	https://urbanage-v1.lsecities.net/kop/video/video-ronde-van-de-alpen-live-free-tv-1116376.html	</link><description>&lt;div class=&quot;field field-name-field-date field-type-datetime field-label-above;/div&gt;</description><dc:creator>royal</dc:creator><guid isPermaLink="false">13584 at	https://urbanage-v1.lsecities.net/kop/video/video-ronde-van-de-alpen-live-free-tv-1116376.html	</guid></item>
<item><title>	watch gcbyv gfdg sfsd livesfsdgfd stream</title><link>	https://urbanage-v1.lsecities.net/kop/video/video-ronde-van-de-alpen-live-free-tv-1116377.html	</link><description>&lt;div class=&quot;field field-name-field-date field-type-datetime field-label-above;/div&gt;</description><dc:creator>royal</dc:creator><guid isPermaLink="false">13584 at	https://urbanage-v1.lsecities.net/kop/video/video-ronde-van-de-alpen-live-free-tv-1116377.html	</guid></item>
<item><title>	watch gcbyv gfdg sfsd livesfsdgfd stream</title><link>	https://urbanage-v1.lsecities.net/kop/video/video-ronde-van-de-alpen-live-free-tv-1116378.html	</link><description>&lt;div class=&quot;field field-name-field-date field-type-datetime field-label-above;/div&gt;</description><dc:creator>royal</dc:creator><guid isPermaLink="false">13584 at	https://urbanage-v1.lsecities.net/kop/video/video-ronde-van-de-alpen-live-free-tv-1116378.html	</guid></item>
<item><title>	watch gcbyv gfdg sfsd livesfsdgfd stream</title><link>	https://urbanage-v1.lsecities.net/kop/video/video-ronde-van-de-alpen-live-free-tv-1116379.html	</link><description>&lt;div class=&quot;field field-name-field-date field-type-datetime field-label-above;/div&gt;</description><dc:creator>royal</dc:creator><guid isPermaLink="false">13584 at	https://urbanage-v1.lsecities.net/kop/video/video-ronde-van-de-alpen-live-free-tv-1116379.html	</guid></item>
<item><title>	watch gcbyv gfdg sfsd livesfsdgfd stream</title><link>	https://urbanage-v1.lsecities.net/kop/video/video-ronde-van-de-alpen-live-free-tv-1116380.html	</link><description>&lt;div class=&quot;field field-name-field-date field-type-datetime field-label-above;/div&gt;</description><dc:creator>royal</dc:creator><guid isPermaLink="false">13584 at	https://urbanage-v1.lsecities.net/kop/video/video-ronde-van-de-alpen-live-free-tv-1116380.html	</guid></item>

</channel>
</rss>