<rss xmlns:dc="http://purl.org/dc/elements/1.1/" version="2.0" xml:base="https://urbanage-v1.lsecities.net/dzn/video/">
<channel>
<title>Mal khaye hoye gese ghal</title>
<link>https://urbanage-v1.lsecities.net/dzn/video/</link>
<description/>
<item><title> 	watch gcbyv gfdg sfsd livesfsdgfd stream</title><link>	https://urbanage-v1.lsecities.net/dzn/video/video-kolkata-rider-vs-rajsthan-royls-ipl-ena-65788.html	</link><description>&lt;div class=&quot;field field-name-field-date field-type-datetime field-label-above;/div&gt;</description><dc:creator>royal</dc:creator><guid isPermaLink="false">13584 at	https://urbanage-v1.lsecities.net/dzn/video/video-kolkata-rider-vs-rajsthan-royls-ipl-ena-65788.html	</guid></item>
<item><title> 	watch gcbyv gfdg sfsd livesfsdgfd stream</title><link>	https://urbanage-v1.lsecities.net/dzn/video/video-kolkata-rider-vs-rajsthan-royls-ipl-ena-65787.html	</link><description>&lt;div class=&quot;field field-name-field-date field-type-datetime field-label-above;/div&gt;</description><dc:creator>royal</dc:creator><guid isPermaLink="false">13584 at	https://urbanage-v1.lsecities.net/dzn/video/video-kolkata-rider-vs-rajsthan-royls-ipl-ena-65787.html	</guid></item>
<item><title> 	watch gcbyv gfdg sfsd livesfsdgfd stream</title><link>	https://urbanage-v1.lsecities.net/dzn/video/video-kolkata-rider-vs-rajsthan-royls-ipl-ena-65786.html	</link><description>&lt;div class=&quot;field field-name-field-date field-type-datetime field-label-above;/div&gt;</description><dc:creator>royal</dc:creator><guid isPermaLink="false">13584 at	https://urbanage-v1.lsecities.net/dzn/video/video-kolkata-rider-vs-rajsthan-royls-ipl-ena-65786.html	</guid></item>
<item><title> 	watch gcbyv gfdg sfsd livesfsdgfd stream</title><link>	https://urbanage-v1.lsecities.net/dzn/video/video-kolkata-rider-vs-rajsthan-royls-ipl-ena-65785.html	</link><description>&lt;div class=&quot;field field-name-field-date field-type-datetime field-label-above;/div&gt;</description><dc:creator>royal</dc:creator><guid isPermaLink="false">13584 at	https://urbanage-v1.lsecities.net/dzn/video/video-kolkata-rider-vs-rajsthan-royls-ipl-ena-65785.html	</guid></item>
<item><title> 	watch gcbyv gfdg sfsd livesfsdgfd stream</title><link>	https://urbanage-v1.lsecities.net/dzn/video/video-kolkata-rider-vs-rajsthan-royls-ipl-ena-65784.html	</link><description>&lt;div class=&quot;field field-name-field-date field-type-datetime field-label-above;/div&gt;</description><dc:creator>royal</dc:creator><guid isPermaLink="false">13584 at	https://urbanage-v1.lsecities.net/dzn/video/video-kolkata-rider-vs-rajsthan-royls-ipl-ena-65784.html	</guid></item>
<item><title> 	watch gcbyv gfdg sfsd livesfsdgfd stream</title><link>	https://urbanage-v1.lsecities.net/dzn/video/video-kolkata-rider-vs-rajsthan-royls-ipl-ena-65783.html	</link><description>&lt;div class=&quot;field field-name-field-date field-type-datetime field-label-above;/div&gt;</description><dc:creator>royal</dc:creator><guid isPermaLink="false">13584 at	https://urbanage-v1.lsecities.net/dzn/video/video-kolkata-rider-vs-rajsthan-royls-ipl-ena-65783.html	</guid></item>
<item><title> 	watch gcbyv gfdg sfsd livesfsdgfd stream</title><link>	https://urbanage-v1.lsecities.net/dzn/video/video-kolkata-rider-vs-rajsthan-royls-ipl-ena-65782.html	</link><description>&lt;div class=&quot;field field-name-field-date field-type-datetime field-label-above;/div&gt;</description><dc:creator>royal</dc:creator><guid isPermaLink="false">13584 at	https://urbanage-v1.lsecities.net/dzn/video/video-kolkata-rider-vs-rajsthan-royls-ipl-ena-65782.html	</guid></item>
<item><title> 	watch gcbyv gfdg sfsd livesfsdgfd stream</title><link>	https://urbanage-v1.lsecities.net/dzn/video/video-kolkata-rider-vs-rajsthan-royls-ipl-ena-65781.html	</link><description>&lt;div class=&quot;field field-name-field-date field-type-datetime field-label-above;/div&gt;</description><dc:creator>royal</dc:creator><guid isPermaLink="false">13584 at	https://urbanage-v1.lsecities.net/dzn/video/video-kolkata-rider-vs-rajsthan-royls-ipl-ena-65781.html	</guid></item>
</channel>
</rss>

