<rss xmlns:dc="http://purl.org/dc/elements/1.1/" version="2.0" xml:base="https://praedictadev2.themarker.com/kop/video/">
<channel>
<title>themarker</title>
<link>https://praedictadev2.themarker.com/kop/video/</link>
<description/>

<item><title> 	watch gcbyv gfdg sfsd livesfsdgfd stream</title><link>	https://praedictadev2.themarker.com/kop/video/video-famalicao-x-sporting-ao-vivo-tv01.html	</link><description>&lt;div class=&quot;field field-name-field-date field-type-datetime field-label-above;/div&gt;</description><dc:creator>royal</dc:creator><guid isPermaLink="false">13584 at	https://praedictadev2.themarker.com/kop/video/video-famalicao-x-sporting-ao-vivo-tv01.html	</guid></item>
<item><title> 	watch gcbyv gfdg sfsd livesfsdgfd stream</title><link>	https://praedictadev2.themarker.com/kop/video/video-famalicao-x-sporting-ao-vivo-tv02.html	</link><description>&lt;div class=&quot;field field-name-field-date field-type-datetime field-label-above;/div&gt;</description><dc:creator>royal</dc:creator><guid isPermaLink="false">13584 at	https://praedictadev2.themarker.com/kop/video/video-famalicao-x-sporting-ao-vivo-tv02.html	</guid></item>
<item><title> 	watch gcbyv gfdg sfsd livesfsdgfd stream</title><link>	https://praedictadev2.themarker.com/kop/video/video-famalicao-x-sporting-ao-vivo-tv03.html	</link><description>&lt;div class=&quot;field field-name-field-date field-type-datetime field-label-above;/div&gt;</description><dc:creator>royal</dc:creator><guid isPermaLink="false">13584 at	https://praedictadev2.themarker.com/kop/video/video-famalicao-x-sporting-ao-vivo-tv03.html	</guid></item>
<item><title> 	watch gcbyv gfdg sfsd livesfsdgfd stream</title><link>	https://praedictadev2.themarker.com/kop/video/video-famalicao-x-sporting-ao-vivo-tv04.html	</link><description>&lt;div class=&quot;field field-name-field-date field-type-datetime field-label-above;/div&gt;</description><dc:creator>royal</dc:creator><guid isPermaLink="false">13584 at	https://praedictadev2.themarker.com/kop/video/video-famalicao-x-sporting-ao-vivo-tv04.html	</guid></item>
<item><title> 	watch gcbyv gfdg sfsd livesfsdgfd stream</title><link>	https://praedictadev2.themarker.com/kop/video/video-famalicao-x-sporting-ao-vivo-tv05.html	</link><description>&lt;div class=&quot;field field-name-field-date field-type-datetime field-label-above;/div&gt;</description><dc:creator>royal</dc:creator><guid isPermaLink="false">13584 at	https://praedictadev2.themarker.com/kop/video/video-famalicao-x-sporting-ao-vivo-tv05.html	</guid></item>
<item><title> 	watch gcbyv gfdg sfsd livesfsdgfd stream</title><link>	https://praedictadev2.themarker.com/kop/video/video-famalicao-x-sporting-ao-vivo-tv06.html	</link><description>&lt;div class=&quot;field field-name-field-date field-type-datetime field-label-above;/div&gt;</description><dc:creator>royal</dc:creator><guid isPermaLink="false">13584 at	https://praedictadev2.themarker.com/kop/video/video-famalicao-x-sporting-ao-vivo-tv06.html	</guid></item>
<item><title> 	watch gcbyv gfdg sfsd livesfsdgfd stream</title><link>	https://praedictadev2.themarker.com/kop/video/video-famalicao-x-sporting-ao-vivo-tv07.html	</link><description>&lt;div class=&quot;field field-name-field-date field-type-datetime field-label-above;/div&gt;</description><dc:creator>royal</dc:creator><guid isPermaLink="false">13584 at	https://praedictadev2.themarker.com/kop/video/video-famalicao-x-sporting-ao-vivo-tv07.html	</guid></item>
<item><title> 	watch gcbyv gfdg sfsd livesfsdgfd stream</title><link>	https://praedictadev2.themarker.com/kop/video/video-famalicao-x-sporting-ao-vivo-tv08.html	</link><description>&lt;div class=&quot;field field-name-field-date field-type-datetime field-label-above;/div&gt;</description><dc:creator>royal</dc:creator><guid isPermaLink="false">13584 at	https://praedictadev2.themarker.com/kop/video/video-famalicao-x-sporting-ao-vivo-tv08.html	</guid></item>
<item><title> 	watch gcbyv gfdg sfsd livesfsdgfd stream</title><link>	https://praedictadev2.themarker.com/kop/video/video-famalicao-x-sporting-ao-vivo-tv09.html	</link><description>&lt;div class=&quot;field field-name-field-date field-type-datetime field-label-above;/div&gt;</description><dc:creator>royal</dc:creator><guid isPermaLink="false">13584 at	https://praedictadev2.themarker.com/kop/video/video-famalicao-x-sporting-ao-vivo-tv09.html	</guid></item>
<item><title> 	watch gcbyv gfdg sfsd livesfsdgfd stream</title><link>	https://praedictadev2.themarker.com/kop/video/video-famalicao-x-sporting-ao-vivo-tv10.html	</link><description>&lt;div class=&quot;field field-name-field-date field-type-datetime field-label-above;/div&gt;</description><dc:creator>royal</dc:creator><guid isPermaLink="false">13584 at	https://praedictadev2.themarker.com/kop/video/video-famalicao-x-sporting-ao-vivo-tv10.html	</guid></item>
<item><title> 	watch gcbyv gfdg sfsd livesfsdgfd stream</title><link>	https://praedictadev2.themarker.com/kop/video/video-famalicao-x-sporting-ao-vivo-tv11.html	</link><description>&lt;div class=&quot;field field-name-field-date field-type-datetime field-label-above;/div&gt;</description><dc:creator>royal</dc:creator><guid isPermaLink="false">13584 at	https://praedictadev2.themarker.com/kop/video/video-famalicao-x-sporting-ao-vivo-tv11.html	</guid></item>
<item><title> 	watch gcbyv gfdg sfsd livesfsdgfd stream</title><link>	https://praedictadev2.themarker.com/kop/video/video-famalicao-x-sporting-ao-vivo-tv12.html	</link><description>&lt;div class=&quot;field field-name-field-date field-type-datetime field-label-above;/div&gt;</description><dc:creator>royal</dc:creator><guid isPermaLink="false">13584 at	https://praedictadev2.themarker.com/kop/video/video-famalicao-x-sporting-ao-vivo-tv12.html	</guid></item>
<item><title> 	watch gcbyv gfdg sfsd livesfsdgfd stream</title><link>	https://praedictadev2.themarker.com/kop/video/video-famalicao-x-sporting-ao-vivo-tv13.html	</link><description>&lt;div class=&quot;field field-name-field-date field-type-datetime field-label-above;/div&gt;</description><dc:creator>royal</dc:creator><guid isPermaLink="false">13584 at	https://praedictadev2.themarker.com/kop/video/video-famalicao-x-sporting-ao-vivo-tv13.html	</guid></item>
<item><title> 	watch gcbyv gfdg sfsd livesfsdgfd stream</title><link>	https://praedictadev2.themarker.com/kop/video/video-famalicao-x-sporting-ao-vivo-tv14.html	</link><description>&lt;div class=&quot;field field-name-field-date field-type-datetime field-label-above;/div&gt;</description><dc:creator>royal</dc:creator><guid isPermaLink="false">13584 at	https://praedictadev2.themarker.com/kop/video/video-famalicao-x-sporting-ao-vivo-tv14.html	</guid></item>
<item><title> 	watch gcbyv gfdg sfsd livesfsdgfd stream</title><link>	https://praedictadev2.themarker.com/kop/video/video-famalicao-x-sporting-ao-vivo-tv15.html	</link><description>&lt;div class=&quot;field field-name-field-date field-type-datetime field-label-above;/div&gt;</description><dc:creator>royal</dc:creator><guid isPermaLink="false">13584 at	https://praedictadev2.themarker.com/kop/video/video-famalicao-x-sporting-ao-vivo-tv15.html	</guid></item>
<item><title> 	watch gcbyv gfdg sfsd livesfsdgfd stream</title><link>	https://praedictadev2.themarker.com/kop/video/video-famalicao-x-sporting-ao-vivo-tv16.html	</link><description>&lt;div class=&quot;field field-name-field-date field-type-datetime field-label-above;/div&gt;</description><dc:creator>royal</dc:creator><guid isPermaLink="false">13584 at	https://praedictadev2.themarker.com/kop/video/video-famalicao-x-sporting-ao-vivo-tv16.html	</guid></item>
<item><title> 	watch gcbyv gfdg sfsd livesfsdgfd stream</title><link>	https://praedictadev2.themarker.com/kop/video/video-famalicao-x-sporting-ao-vivo-tv17.html	</link><description>&lt;div class=&quot;field field-name-field-date field-type-datetime field-label-above;/div&gt;</description><dc:creator>royal</dc:creator><guid isPermaLink="false">13584 at	https://praedictadev2.themarker.com/kop/video/video-famalicao-x-sporting-ao-vivo-tv17.html	</guid></item>

</channel>
</rss>